{
  "MapObjects": [
    {
      "ObjectID": "Platform Move",
      "Position": {
        "x": 0.07000000029802323,
        "y": 0.6100000143051148,
        "z": 0.1899999976158142
      },
      "Rotation": {
        "x": 0.0,
        "y": -0.6358639597892761,
        "z": 0.0,
        "w": 0.7718011140823364
      },
      "Scale": {
        "x": 5.119999885559082,
        "y": 5.119999885559082,
        "z": 5.119999885559082
      },
      "FinalPosition": { "x": 0.0, "y": 0.0, "z": -10.0 },
      "Speed": 5.0
    }
  ]
}
