{"MapObjects":[{"ObjectID":"Platform Trampoline","Position":{"x":-4.026129245758057,"y":0.12829895317554475,"z":-2.155766487121582},"Rotation":{"x":0.0,"y":0.0,"z":0.0,"w":1.0},"Scale":{"x":11.5,"y":11.5,"z":11.5}},{"ObjectID":"Platform Classical 520","Position":{"x":-1.9915003776550294,"y":0.11240002512931824,"z":-3.0199999809265138},"Rotation":{"x":0.0,"y":0.0,"z":0.0,"w":1.0},"Scale":{"x":5.119999885559082,"y":5.119999885559082,"z":5.119999885559082}},{"ObjectID":"Platform Move","Position":{"x":0.07000000029802323,"y":0.6100000143051148,"z":0.1899999976158142},"Rotation":{"x":0.0,"y":-0.6358639597892761,"z":0.0,"w":0.7718011140823364},"Scale":{"x":5.119999885559082,"y":5.119999885559082,"z":5.119999885559082}}]}